customer_id,gender
78029866,0.406947330992
89720806,0.863951820764
41519597,0.61276931309
35234377,0.85282416221
22716068,0.350220258157
39868111,0.132282005297
77963577,0.441491070645
49430331,0.366805371596
69161700,0.660872259269
96088836,0.492159574113
6019747,0.156529332412
79532297,0.0496391741632
62735032,0.488004280817
55045775,0.229932668629
45356726,0.21370360806
12811046,0.62418791612
78841869,0.820687985014
49724677,0.10170577421
65617755,0.12102375487
28386083,0.669752928854
33423516,0.449119101713
69942970,0.0533939417768
78603033,0.911197673577
46967214,0.655927182502
56902795,0.105085344971
31828289,0.335106731521
40691305,0.469305741625
93482866,0.816540880179
19782421,0.6221706194
71946204,0.766309118843
94597887,0.841152626172
95543007,0.760939075806
95895478,0.465624384204
3419519,0.0371838514979
55277921,0.0355908731792
42123803,0.367966994858
78336615,0.331368538484
82606755,0.366184490589
62943829,0.120674547639
59412639,0.496484964386
88583226,0.525626602876
82650025,0.298677078714
75849526,0.858721642638
37362216,0.105941531714
61385271,0.617594451363
43635814,0.257569893065
20634247,0.0186755243391
8928713,0.565498680251
36840873,0.162411859263
24551767,0.429509303296
51427893,0.165108038042
23998119,0.166781428841
25070887,0.373503624451
82656164,0.928150450678
88319560,0.840527462929
26759878,0.698022468937
83063340,0.0916364220157
23560101,0.881016183081
93553972,0.424121736768
62048436,0.356896123494
82203542,0.121308212419
19575612,0.490471383659
961425,0.874687566864
46549155,0.165819224453
83513635,0.407146248785
70307755,0.488092493594
96631712,0.0637541943433
41508616,0.702764852319
58165107,0.134787897128
21417703,0.0957629587357
7582139,0.893168130879
57495074,0.960541538856
22957454,0.302551642635
83046515,0.829208824576
93979672,0.376273075596
54871257,0.947502184468
99159420,0.888398053031
97001312,0.916135080125
81936989,0.125543390333
63560017,0.629693715392
93340268,0.408512834
7191842,0.137309148052
49971781,0.168720227638
29678690,0.904538335274
76133553,0.747714090403
70040545,0.444251600631
51920655,0.779963933876
75448743,0.0611883796534
73740375,0.748416826185
30912810,0.172600186917
64548384,0.496484964386
53210255,0.295680979128
75672703,0.0920195808968
81637000,0.272970515992
37210858,0.792568083015
8558731,0.809760346079
89379560,0.317494231155
64050247,0.628398881403
77097744,0.834639493061
79005623,0.875630331409
70145905,0.495733097982
97814357,0.0819957801868
94211608,0.208058218264
33016455,0.606684750557
82518781,0.365348314383
98687585,0.425862516231
61883472,0.51551625422
41354564,0.330297199851
13682748,0.169258714926
86755845,0.458364850016
74637057,0.151946485957
57501477,0.351306061763
98153083,0.552230500967
13475789,0.897275523766
20085540,0.953177755595
40389341,0.664574616389
24933807,0.410743643382
42971992,0.140824334226
66242493,0.525539056317
61317029,0.295845304636
99699527,0.0516689666357
14652271,0.586456511545
34747815,0.774781941294
98736120,0.153051927923
88027952,0.581080613893
2805830,0.955278983178
36734991,0.946422021638
31346629,0.424121736768
75106459,0.230289089628
85283488,0.159327271412
43883286,0.486760401137
24686795,0.158273950542
37050951,0.232447270814
71688082,0.92957949482
97254467,0.65241095691
39460612,0.394180414738
40912127,0.390936584695
36878451,0.602047855543
4869616,0.373317060726
25674364,0.715636196053
36483672,0.536783185144
85035842,0.0373263038634
83345157,0.626444258753
98743588,0.895940666354
49385418,0.389729117843
34584581,0.170486874578
97351339,0.18335101823
86029773,0.861112877221
75315773,0.864765545675
74850786,0.0519009590401
87640447,0.132344180102
89372866,0.424121736768
26362332,0.498385210411
18260853,0.0647707578316
60322160,0.0351908071994
75781902,0.285876750023
15511971,0.52502569494
56490839,0.331827286096
74376012,0.706110437218
57798368,0.207659572537
28454653,0.723123216473
82893062,0.16306455632
38617012,0.536734613118
42944405,0.859458166471
49558902,0.787662381121
14092000,0.0366879884081
68764710,0.182801261183
48741933,0.0420420668654
57631143,0.869608777904
43834098,0.440821275565
81998653,0.0276891714625
10309206,0.441439831991
47580121,0.281894729197
75699831,0.0737227176896
24616822,0.0800004033169
73175338,0.073468338205
4472392,0.156419250447
82232608,0.204498410861
82386433,0.0818448352559
24871911,0.752737884115
60768036,0.889544537751
35796889,0.23602495098
15042083,0.160395909432
71186181,0.15242631937
11397076,0.574526111669
15115077,0.475312541492
28569111,0.35432503495
67440285,0.0534129275975
55455058,0.35432503495
91646724,0.337789737632
46223552,0.257350068571
82225267,0.831382499872
82854894,0.984871344922
29707168,0.135684520631
95128126,0.727308525241
79129207,0.210311459672
87469673,0.308679774889
21841275,0.441491070645
92905157,0.21088334056
90258692,0.446616892945
29511155,0.193249515111
52646727,0.531716621936
50746975,0.803958589413
48642623,0.141422970419
2733562,0.405259024086
75010111,0.420457784485
53815150,0.864310337252
69687686,0.762703572136
46271150,0.29866278906
28658492,0.420457784485
12175094,0.52213458643
18824201,0.133482413398
4469885,0.519454286416
71461408,0.141031737883
78867169,0.46169491594
27284097,0.318615580258
97343828,0.829430166188
16321752,0.910652414791
32222099,0.0491060862241
36088664,0.0630672020593
86799229,0.528232161138
42418855,0.527755892826
26589647,0.470915310583
91434583,0.43685483826
70414581,0.206902704661
63697046,0.657673422936
25207125,0.825980813486
80452059,0.567202909526
73155567,0.358946830498
49061245,0.763079682993
127946,0.688441945291
46236143,0.134305872994
67901119,0.268777645301
3243044,0.425488439412
1211346,0.449943459074
69549133,0.474086310472
57765004,0.29521546129
21711599,0.422024081141
15435442,0.49755699011
73350115,0.551752951443
84399280,0.333239806302
25876033,0.162794190347
40675517,0.530838929653
24308330,0.499728649799
2098407,0.734481195828
31289601,0.824131354866
4664861,0.351558396937
5577042,0.704885335116
65042737,0.281035581446
91256782,0.45707336102
9922882,0.56400909377
72341948,0.0803301334982
88312732,0.798599506076
95162940,0.277411210582
86585517,0.799000561182
58092791,0.358398383718
53847866,0.551228204061
83915586,0.418589872727
28464655,0.105566434897
81285545,0.721772846068
99622409,0.684117602645
64064066,0.502011998332
6725289,0.310053529372
97738611,0.733030922658
67196163,0.833537607853
94793384,0.474086310472
95908088,0.232466200133
30583637,0.616338041086
20180564,0.903708740844
55237182,0.242765462439
62094116,0.610134859492
40738451,0.387579565119
90573345,0.0668889314505
97777635,0.406179299111
58610651,0.790001477739
56734262,0.391198053122
83213051,0.311963743065
80929391,0.930283868715
73276006,0.37924110896
85092930,0.148115122602
56639375,0.0511204925929
67762606,0.466091171752
8462275,0.20346831922
21588377,0.33645223198
30165349,0.80874236853
91235754,0.576610734257
20759806,0.322662774174
98612933,0.0940894038139
87069325,0.571140473973
94654195,0.949550317074
53198559,0.0764203359457
17398749,0.575324393535
99539782,0.810725812689
4347691,0.417534981893
50211811,0.305926458654
86298795,0.237861496147
43300261,0.445197511293
40197046,0.393562287568
34789111,0.508297059069
63090151,0.363403279864
69269626,0.392380595132
72386019,0.0609069425619
26618467,0.354614048258
99421915,0.0770837266989
85929877,0.934665707172
98252174,0.261774992274
62602001,0.677292011649
96380771,0.474086310472
37025153,0.308893133116
47563681,0.60625176424
63479862,0.731268851323
85267206,0.991081952044
46678844,0.212327206112
66293375,0.424121736768
17304472,0.890389398617
99289665,0.590817800452
94883995,0.266031091605
79010721,0.170090456044
36247248,0.207622913714
32489134,0.552635841105
48753673,0.177545263953
24321064,0.337950375227
34124149,0.162056211981
68945476,0.365522194447
4987087,0.0334167757812
78720273,0.370936255426
15040528,0.702828700762
56436494,0.0427208901438
88449338,0.441491070645
39855298,0.226859747051
10748004,0.322968135276
60230079,0.211912759997
20982341,0.508503426459
1139307,0.493175001682
22564251,0.0695902565744
42391654,0.38832530483
42863380,0.653449686246
97254884,0.796912772741
4707639,0.448031331517
23119288,0.434309072391
28693893,0.640050631671
4316393,0.789779211032
70170473,0.661667735394
20494087,0.289249572476
60471515,0.0571238977743
15321146,0.146714463747
74697056,0.781918012084
7864129,0.304322578585
11819055,0.161039122165
19423861,0.438323200823
18915069,0.909118922428
48087576,0.336825716582
74229871,0.823189452988
67075839,0.381354498558
5205423,0.113934502084
56006743,0.238430679999
58015523,0.593132489692
19368278,0.0651192356784
27673939,0.299444298772
37397665,0.711142818454
17331961,0.297878337719
93358299,0.809740298491
47403816,0.768344762756
63636771,0.599995944396
2740197,0.115826456106
24351865,0.176998792246
81546263,0.399932974679
68607680,0.739728118187
31420997,0.400423554183
87921552,0.441491070645
94327036,0.508831729836
19195790,0.929056057549
37425501,0.453463129427
48778236,0.528741317801
99295997,0.954512907479
3284483,0.13707185837
1867994,0.282995565095
19270512,0.395509594561
14275743,0.34376310816
70951201,0.268998412197
45728687,0.721613119396
80654697,0.219349418716
89487928,0.209534802307
25868288,0.106099834418
93939541,0.225973887509
35216221,0.658632252935
6732250,0.0707104547209
87259796,0.248199739336
89903581,0.377773172847
76449337,0.127498072055
47934592,0.245388828808
7832145,0.378581322801
55035689,0.0977905167974
44491596,0.312197733831
38220721,0.219991485604
58627203,0.134027027228
7722362,0.0560745264169
77568883,0.0720863788247
46876368,0.447193063065
64188812,0.482389562802
6710884,0.775887994378
32137332,0.571530248408
9185090,0.33487643565
10763919,0.787775450701
53545689,0.0557840192827
1177740,0.420457784485
79843973,0.0853451138131
13902815,0.125629105325
26467726,0.348759325819
34767686,0.19851128217
5998515,0.857735084353
95960373,0.556502553811
46000408,0.919108199516
7267558,0.875743685461
35759626,0.38298128661
76310395,0.647145788122
43934227,0.378335347319
16761497,0.542537039821
71893817,0.338726969997
51187752,0.419780745755
18894701,0.312921522311
87743758,0.414415822813
68444868,0.035864676837
96051203,0.189609766158
44698445,0.972259435984
96189210,0.449943459074
61502221,0.885262421166
43894350,0.501875275271
86371933,0.0784084071994
60164248,0.416748174334
35424326,0.364909326035
83669219,0.886475367857
4259997,0.392196770273
73341034,0.353456477107
42706169,0.818103356388
25824736,0.510514443147
40506156,0.408260343255
86950233,0.174544870995
36209184,0.458364850016
76073429,0.407304670113
65292213,0.512745235743
15659879,0.206394709159
10058557,0.32351971532
31733299,0.198080065242
61431388,0.0758046147445
29387755,0.111448600658
48254713,0.52541961748
79715080,0.59967022816
21461075,0.191419960319
93024496,0.0799121846428
61134525,0.885558217593
44128900,0.383270740963
86992060,0.593465172664
64938093,0.430242906781
61821103,0.300579088035
32861121,0.49603935602
68363141,0.423354513024
50851892,0.359730141939
85002173,0.0635729794022
50726996,0.548919101889
19816808,0.3415815775
60105418,0.220383661871
83159171,0.990273783649
26899287,0.341262520134
17929375,0.435039049981
16671175,0.404818322733
65625505,0.0616178546333
86892524,0.368797440361
80063130,0.862548761785
17044298,0.0660438113599
64768263,0.90136627283
19776711,0.863450490727
31588161,0.80023648625
91424609,0.213598309801
9987401,0.420457784485
29293837,0.449943459074
13028904,0.519118019998
96793902,0.0446115165687
79850492,0.134540125703
89117677,0.430893528326
16575331,0.805878043109
74322014,0.278133733843
74666069,0.740473247909
25882049,0.366867908189
12615543,0.139635771922
81388660,0.673477642874
92981530,0.610683226244
38841087,0.266548519252
15993282,0.865204032227
19908111,0.425488439412
58161351,0.220601456891
8989665,0.63805802011
29913705,0.374905068085
2493740,0.424121736768
60038858,0.058227642472
85902713,0.205775018637
67104228,0.460957466327
83835729,0.221529853795
28824618,0.473773834993
32467842,0.952452735883
69906772,0.648909588093
55086907,0.424121736768
3368868,0.431059728084
90687929,0.128643578737
32569061,0.870246047274
48738935,0.510352629951
77821007,0.134847815936
67328641,0.589755833168
39133728,0.0588719950148
36422352,0.420457784485
64222251,0.376035549807
81924309,0.203971534015
85564743,0.737803653053
35444959,0.0319416054011
74302740,0.0377445767783
70988604,0.52049131571
57671345,0.504416330563
87706762,0.0385006739279
7125539,0.417261374864
2810793,0.476211303492
13210353,0.4259736872
98814674,0.415091705827
89080223,0.277766137608
36940981,0.509752069965
44653968,0.327741135238
22378093,0.0497631332048
75444663,0.228862740074
16044366,0.678926041369
32805024,0.942697794655
67440736,0.34311061343
31958154,0.0843729178074
50986158,0.468847825022
4444740,0.267837997564
64392377,0.852823814555
70917262,0.564885431423
99257244,0.844792272709
21791384,0.435010355704
16267765,0.880864490114
78970218,0.305217713707
58803010,0.811259246006
50129303,0.0222241431482
80022190,0.766795499221
15742901,0.118768888326
15462118,0.559269117476
21383331,0.921150814593
13302287,0.640512104164
53696635,0.561701136206
59772148,0.376035549807
52011821,0.529612327797
4479599,0.458872705913
73189859,0.458364850016
38994119,0.41385404067
89546168,0.618201326138
25581270,0.112539098897
86452879,0.0580243390349
72471571,0.801913229625
12051455,0.706987217105
73483231,0.231669306721
34827776,0.13666815703
64752743,0.16318526703
69876998,0.286419788777
19196586,0.0635842052233
48863277,0.268507110701
37884416,0.2771811707
45750252,0.482870087445
59924985,0.461427991171
60159397,0.434246890226
52457006,0.818221958432
65571186,0.325810162177
69638863,0.113919587037
83577667,0.930311083277
68859425,0.617480055786
13670767,0.495047256738
60151282,0.788200807792
84877317,0.645546931966
78773470,0.147312066876
13756442,0.119295359428
72148596,0.653848982158
45457016,0.845089655628
81821284,0.869012467507
71373271,0.197105103191
72525197,0.758807756631
77068875,0.205126723981
96198451,0.841374945905
52513416,0.164873267784
137367,0.417272667056
17433826,0.810199430239
64664590,0.0676056048795
61531890,0.673059089152
75474864,0.511616724861
54185672,0.12247965405
30937173,0.0854749282247
18265734,0.0441906860373
81833822,0.436627842974
24774702,0.416751954756
40208033,0.806179025966
22144602,0.424121736768
81404322,0.184134761687
21230067,0.69246244431
57818455,0.448425391367
33711854,0.0342702115792
63576914,0.441491070645
67149540,0.153495679174
49575501,0.293750740556
8779120,0.923469432079
23495851,0.659976144623
5151866,0.17382284427
59676418,0.185680067418
97231090,0.255635033822
61942794,0.84831526715
2992486,0.39171095312
52439629,0.861678657542
92693027,0.59967022816
24865095,0.619962757986
71219052,0.167477926885
21794621,0.654022144139
78208546,0.434804823664
11865703,0.773905953041
80934822,0.441491070645
92030796,0.284999564766
3238487,0.53335005889
36120546,0.771536780096
55301181,0.492177659083
62345856,0.7168134191
54677927,0.68089213987
88991035,0.408758501041
61242490,0.726957357315
98230530,0.334986897218
71474169,0.302141429555
64887407,0.683569494287
20093543,0.0636728047978
93556332,0.0818748501852
74428229,0.810253027557
71598295,0.293883366068
74143191,0.668894425757
31934035,0.424121736768
93364246,0.966816455007
44790747,0.212579288229
16102335,0.291284861756
73977285,0.785361721441
22358381,0.397440395404
11621687,0.386779946189
90077714,0.483950591917
42178458,0.409985468803
25230715,0.309892561636
16331369,0.879087523012
78996587,0.0705396987501
28853181,0.584016659588
27583358,0.891121210939
11576272,0.178202063249
73372506,0.433574072638
92243195,0.226623911881
2768803,0.0571271213212
903961,0.606516262079
8367960,0.449302065906
2942372,0.321112806607
31897225,0.417995517557
62857590,0.0710053062973
16065892,0.330945595552
35765854,0.290096792441
91468542,0.462841391777
5613605,0.660209198926
51728818,0.522167767915
53092510,0.426768141031
76065011,0.404531138313
43942445,0.414838000694
70213178,0.116077495034
62223163,0.629226143749
12149925,0.045336494077
14713603,0.502825050343
39248782,0.501338281097
17913186,0.479805530759
31000653,0.396520309781
92773945,0.113510375973
17384779,0.880301804335
13379653,0.938886876338
25605244,0.863427709033
81112840,0.420457784485
13388782,0.461372930627
51643708,0.838143326822
17361562,0.376035549807
67532973,0.3950264183
81564760,0.0641539312294
38138134,0.56945556306
9279923,0.165086040289
37773393,0.244796994458
64568194,0.886440399381
62450762,0.11746958812
88971561,0.939781464901
96482107,0.288439806876
59068979,0.424121736768
4067941,0.341516715092
39725691,0.603722132087
96296215,0.195530085328
88759924,0.228089802775
79678716,0.362903374224
63729265,0.910638621388
67042710,0.835773221742
1088175,0.754783944595
58409683,0.394350182357
18903746,0.319258614909
20667233,0.187195202941
29364402,0.949184635639
90621440,0.802762969328
92128235,0.712421193054
62810506,0.338726969997
54313259,0.161987326957
65128317,0.316122917666
33273458,0.424121736768
55262942,0.16446906726
9898769,0.57022631115
75759478,0.390993134044
76988366,0.669671458339
84807183,0.0943142977245
61900989,0.223989920109
59061421,0.424121736768
14300407,0.330970835904
40173233,0.658385418558
11763909,0.418756045246
61880261,0.297377712468
10589831,0.966597724847
39729757,0.827603097439
57069387,0.406871878025
24021156,0.854318242724
10711025,0.164084121126
1087616,0.451811517689
5934823,0.264104524107
74612100,0.141024941656
76170259,0.250682027215
83704249,0.948284649547
34977500,0.110816890822
31195009,0.572704503924
21006134,0.424121736768
75612674,0.0888533058316
98028774,0.954422284156
64522548,0.0373958652499
37922169,0.244101179237
28566958,0.367444606584
69323403,0.927364512254
56420502,0.351597509431
98751581,0.0869449663746
10656890,0.264140486492
97566920,0.438617260778
6920906,0.875071632976
64099732,0.653070574936
27145285,0.809655723727
82234705,0.844107325104
82072486,0.417501902968
91123473,0.562107581637
59532496,0.0532864518669
65075641,0.581391364557
32564509,0.818346160931
37499325,0.912946031322
6077466,0.061207179845
18201273,0.562340877034
72751958,0.332718192351
89414301,0.322733450792
51027977,0.319779474083
76658003,0.0392611411839
71805563,0.168401786194
87826275,0.616582135647
54199565,0.0953212086203
81711797,0.0768973602736
7479579,0.540680010601
42353680,0.209890117986
69598297,0.549266530246
25021061,0.425230254693
92251335,0.445197511293
63121791,0.858740417362
59398993,0.645536188284
98283387,0.813599855004
20674086,0.0229588918265
19562337,0.32090842489
60003965,0.499295277493
67924508,0.106939406121
66118785,0.210102404022
98371903,0.603487687836
45795926,0.219282571245
61399891,0.0584193294555
29874386,0.707054137866
7999570,0.558874908274
71512641,0.465624384204
8386564,0.187558595898
546786,0.190870441245
31593977,0.732529055754
55200262,0.207528479533
1115426,0.909153639035
77189566,0.459478818506
54825984,0.502068909533
78538730,0.958447847223
14252692,0.0472781283508
72856775,0.3575935335
38677204,0.458872934822
67608216,0.881808412103
58310145,0.420562341587
9391844,0.20207890831
28177755,0.214639459559
43021363,0.0356139138753
71739556,0.221212354534
27398217,0.983562473751
16867721,0.0335364840667
15267436,0.0828380973314
69415814,0.251725114028
4974442,0.930250112301
26127374,0.941396910726
9518822,0.0880803396649
20678392,0.047114483817
99285854,0.0382783313993
46577243,0.338726969997
84581843,0.176352626982
43719841,0.696199080887
38890720,0.859176802863
79241506,0.1560445364
81469705,0.470608887747
39950974,0.396276270402
52032698,0.416699864849
9464652,0.254539858368
66145899,0.618317638976
40985902,0.888717410839
7087306,0.403066457768
31144163,0.494658492098
5540528,0.219667543679
50517114,0.943262812486
91983549,0.106921588257
39584223,0.0536143938743
19898375,0.445197511293
12075801,0.684056769395
63908670,0.190486146817
5503337,0.048572841773
76131079,0.39148595486
43085507,0.972825684933
27542007,0.430242906781
70291802,0.0495158956196
53232417,0.465779344215
29643080,0.0832980770175
70956280,0.12464271288
72557966,0.333843471962
71276247,0.128943795588
84105822,0.133333558659
94091803,0.420457784485
27923912,0.0979148123433
55155107,0.416751954756
30915783,0.360520689755
39002418,0.168219868505
35151009,0.841098582343
76092488,0.38298128661
635849,0.162352791655
38584256,0.465624384204
36667035,0.730180823717
65803757,0.985590439185
38688843,0.0803157319232
97184762,0.195579712366
83770587,0.29198146777
97345452,0.453986611804
95142990,0.111813862413
53296243,0.736359955269
7537770,0.0694840205657
16806190,0.229276130588
29122508,0.571705862681
83733978,0.82311614706
27170316,0.936814249184
76583555,0.267545988917
14587736,0.938115171955
27913607,0.319707550158
34851657,0.807281392252
31025203,0.420682760689
24040537,0.0709829937395
35568001,0.1903924734
17880287,0.080393951257
10805399,0.670084925388
37649427,0.0372377387067
12826852,0.801207313856
11631584,0.495429251799
32235956,0.657022514756
92287593,0.526208346058
79304680,0.681883063377
63567342,0.345777970779
13466200,0.475486145212
32367036,0.771993489418
58792452,0.809221499762
45708558,0.810950454243
84767947,0.696003179026
88146770,0.607273688715
55352054,0.234672586872
63592952,0.170072800001
61977775,0.207021266374
5633658,0.164283890764
12889098,0.165113796031
46857524,0.420472951591
70852678,0.195211207628
87644502,0.522322735691
69867854,0.515399326551
61267221,0.408622663451
35652444,0.198580669954
80409954,0.957043585265
5041537,0.0586187151178
41914154,0.353613256931
71791698,0.288642178462
32497523,0.0638877622854
99157874,0.251828322617
6915792,0.30345997434
378318,0.766509388616
55921047,0.360552914061
6466909,0.111615595323
81777225,0.0618603209252
68897199,0.439168684501
74514929,0.0741018782151
48992497,0.11337554963
17537261,0.0604171442289
43034825,0.271225913874
59672142,0.313072287365
98331257,0.811917297967
25501376,0.964171873426
27591424,0.211579515844
33644001,0.650465028181
27082609,0.434309072391
63043067,0.444108970967
95600625,0.475281029388
90545910,0.0838706387427
32131601,0.914527691613
25464048,0.377247133533
40794899,0.435039049981
89277710,0.799989101579
36318766,0.661882684035
58017754,0.424121736768
90869648,0.773855362471
9893137,0.538448687317
48737736,0.360552914061
20714301,0.391976496533
89892876,0.514829961585
72660931,0.428800185774
10845911,0.276953140639
62131392,0.827176357324
50964651,0.889143128471
52742755,0.0612869422795
34897653,0.356896123494
54840306,0.0942651155223
7802557,0.662447326748
62165080,0.312768838586
69712465,0.0629169513293
59636777,0.0664944627807
40842773,0.195999526566
57651456,0.367431900409
16711781,0.964871448641
70335057,0.245787255905
91475168,0.0486473426573
63173740,0.65159718906
74040264,0.425093445796
54678951,0.673392892922
32011956,0.19347877409
35071735,0.0724227849485
39761389,0.184993085711
28177840,0.0613821778097
91288568,0.440392601574
48970597,0.117486848245
94883274,0.305664518277
29328681,0.501884359719
12178012,0.421032520776
81768650,0.89444911468
41676509,0.677643042118
23867275,0.926389465797
20490011,0.20191855001
5680700,0.429358542436
69079911,0.0464345796428
10506836,0.419678694942
89292619,0.317309048149
94098205,0.222565320439
28721598,0.63631076855
78835307,0.781780201299
79387154,0.114298906704
2340137,0.927902639123
76824089,0.0745708026955
95096481,0.195387331391
28993835,0.386810832738
34213354,0.474086310472
8180048,0.575324393535
30564909,0.471979952151
29560954,0.416204269076
88824982,0.159044783827
38178693,0.371174731462
67717126,0.719630976354
77582760,0.845293504979
9967644,0.0579580074681
46798020,0.655733519384
47843594,0.793919194318
84688545,0.910900490056
22222581,0.483671737218
25670842,0.369567274852
14905888,0.694015551785
68456799,0.382290362731
79854567,0.611985891069
86504325,0.198536483863
29640440,0.735560823972
49962107,0.0206050753495
44853390,0.116496016421
11822388,0.814329070843
34413154,0.0385940890372
40077085,0.315627707677
80613198,0.381156408423
7923928,0.28495718641
61952744,0.669304359145
81881468,0.909777592102
61726597,0.245312924627
2491620,0.578375555565
12010535,0.956699776749
31489742,0.766332683474
66600468,0.445639016554
3996099,0.384568004364
45281708,0.196998899264
39796731,0.386149210094
69270294,0.83477433397
36201953,0.305735366895
83655199,0.198105549211
52676628,0.114114726252
71430149,0.335175326992
90849430,0.171357930975
91731161,0.119053968626
20757435,0.405844619711
89722350,0.405165713601
68832301,0.0225411316553
11370413,0.585628284573
38016815,0.972314027939
97102876,0.281200384456
67292802,0.327628437735
19140098,0.598909820188
85463132,0.563195422175
48101409,0.826595340954
72015340,0.101854877437
79157249,0.321231017121
42253470,0.174930724253
26175665,0.211419288119
94047214,0.928246225015
17039869,0.0278820624786
90796706,0.124901136187
85508463,0.850340772294
45993845,0.0838730967355
60875936,0.0251736002566
22471512,0.613260665066
27995307,0.186549449681
85702844,0.478956987525
21996327,0.458872705913
31155703,0.137274471078
86452253,0.814035825695
68896019,0.593090275522
57925369,0.197559474777
30531223,0.102277493306
6445707,0.493415701537
77232640,0.586576265264
85692112,0.200125396623
90601024,0.449119101713
89471122,0.875756664688
65983905,0.0955823766434
34791180,0.424121736768
18932060,0.833531802341
35476711,0.964734045907
45123326,0.692865767058
64637880,0.293694213927
12942642,0.956717749441
79728544,0.230029010865
19742951,0.41004322859
89339102,0.418274655303
40000227,0.499490454549
46180411,0.0534567305411
21106621,0.282294920183
29476508,0.825681185481
49057698,0.057267536788
36781400,0.442343884513
97994480,0.341241711625
25758474,0.0449810128248
51358237,0.118923204353
86167681,0.0997741432027
272657,0.112709918911
53571593,0.512366418386
61090794,0.928622739853
76553385,0.316268883441
31513807,0.933916249136
35274106,0.410744330703
10328342,0.211785527065
71331376,0.157682329033
2329892,0.551828856132
51147020,0.438369264886
8343937,0.653332633697
34055503,0.889205122102
7934309,0.133992834224
63278887,0.634848792281
1308272,0.28036410681
81744193,0.966932779161
18040048,0.851775302072
26519326,0.739481447249
85738855,0.156585137463
20306938,0.480236772391
19411412,0.284306718891
8573680,0.22767949342
5915744,0.36825297063
42809309,0.424121736768
43550880,0.981547834962
17299088,0.845715318151
97821953,0.263726575815
92902436,0.180557979694
38877775,0.377919015952
72140437,0.264883521028
31405907,0.252327376716
93810487,0.229010422131
12749531,0.333126266268
2464493,0.424121736768
43860093,0.205562736308
32744799,0.0711049283314
28681720,0.830058853138
49817949,0.276572067486
80012667,0.224408614377
10875817,0.701890936097
52194263,0.157244034967
45467593,0.38854925869
46931053,0.849435129684
93877315,0.0627874233441
36212426,0.345823327517
75685115,0.367593663524
70372326,0.131434389348
7796559,0.436640713801
93670252,0.740483426685
97920990,0.0688310031934
34204036,0.228710268043
43768815,0.874807473114
65190849,0.452425040889
61336379,0.905985236579
16083891,0.417061333941
72031273,0.293726864923
62312250,0.525866763624
30190284,0.64411805297
2177252,0.873404673739
37998052,0.649487495778
7278214,0.201587050438
54593643,0.291626925614
4020883,0.695676911347
36028228,0.595635231307
98486569,0.416705771848
87025871,0.46423339779
87592864,0.588582043138
81557213,0.483457383613
12548009,0.24178503118
73020815,0.32861387312
68309319,0.433522861274
52388516,0.677732964311
86384004,0.479307570544
46479242,0.0413313298693
98410081,0.702506856099
98044201,0.352466222527
74621121,0.396727322805
93136428,0.659252410462
27718329,0.424121736768
16923362,0.269879327305
43930125,0.280417278982
96150651,0.842214442125
95796340,0.678799283435
55538514,0.41795725204
12036459,0.0611433456691
34918387,0.365581447618
18451037,0.367721904366
42087923,0.231381105978
82019973,0.620709524376
73598812,0.314459237345
6736634,0.276274700447
20486011,0.84136002969
52771053,0.726910952278
64546343,0.22407877833
76169287,0.297735262562
90522298,0.338018740601
91338415,0.427764881938
43497279,0.114463895095
99442647,0.474180311994
8586902,0.227399377038
47419963,0.661138671933
22027912,0.23283089865
15428955,0.348194181115
62323241,0.21494349129
31448278,0.613946510018
77097428,0.327734463837
32872364,0.122264029352
71890029,0.67937509625
36772124,0.866817958046
39408065,0.190017010463
8578679,0.246120771708
84791354,0.319451581969
93021647,0.474086310472
81271975,0.897889433453
26503902,0.0460192183178
55652847,0.45026757844
19786837,0.689270794431
12781840,0.541568180839
43318158,0.273320999639
96730687,0.710291045461
13498047,0.50126284402
11468930,0.362047322013
64530618,0.466262513958
11325341,0.153344982374
18597595,0.293131636754
11142729,0.925142466727
114348,0.789987216821
39873090,0.785351844816
86259433,0.247779108159
61659690,0.424121736768
51528785,0.577238857489
23200885,0.769634248266
74340205,0.274027098488
70042394,0.290364525939
72987018,0.299346982184
38707022,0.85004533502
42349925,0.615113491967
43006473,0.470293221184
68967565,0.206818266096
21343114,0.431059728084
58053783,0.0452958314402
22332292,0.525754915071
5970496,0.230304994235
35726426,0.130804597299
26557373,0.933040685489
96305302,0.244001929577
19472226,0.13366206426
89333392,0.178617012244
91870575,0.870742192749
91104747,0.286791895005
50009033,0.391097906542
23904796,0.209042392994
53523819,0.95009865573
61949485,0.0951602979226
7308945,0.417162691801
91720389,0.737739379333
96511163,0.364316936143
38783952,0.397247691801
52025881,0.361509759854
48380112,0.354562958933
47725062,0.447791322267
2956076,0.0536499232075
13398107,0.472533160276
85320913,0.312909879135
19295298,0.120241352377
53042935,0.0690591868815
19722089,0.681416988997
94894701,0.794322715149
86748328,0.77119486734
79035179,0.739733171862
87096350,0.438499202741
19690353,0.903014112558
30118153,0.317637492764
37530590,0.0833214890435
69971972,0.663986496271
33249832,0.188496547808
6329922,0.104935899936
68671525,0.101035587658
30702646,0.4965949258
93350383,0.976652127931
71784584,0.542744162594
35200352,0.867846089189
30629722,0.86016092103
7969887,0.919739939268
74128530,0.233178448181
67232660,0.741214540187
68893149,0.260837312663
20644899,0.543520068976
34661969,0.699624897388
78370125,0.424121736768
66923876,0.343886389345
58798311,0.330016989998
99563845,0.361308653145
99451669,0.33171921178
90274663,0.430242906781
77230698,0.538947248152
24331428,0.172412320368
45227053,0.107187017764
80249747,0.636180751518
69802115,0.455840988128
59953125,0.247451306632
22802134,0.617576400331
79574943,0.406871878025
21654299,0.551382169814
70741079,0.564248489188
4077514,0.878689106461
62279169,0.456569657914
97247338,0.718344423369
40040637,0.687240429105
29153041,0.266224215286
61928724,0.29369014122
41924835,0.326017575645
39843429,0.08536357792
21734206,0.14175793505
21264734,0.0883816456489
97442926,0.46708589781
63178980,0.488551922154
44611289,0.900457675499
58313441,0.20187618141
31725904,0.398718192998
68012693,0.547817909411
59573640,0.934042317698
61490379,0.424121736768
90990235,0.437213725756
52165266,0.449943459074
57271742,0.752562952045
16197496,0.961419472567
94948218,0.338066025977
6058567,0.41795725204
74992220,0.45423275097
15205815,0.707275187631
50474809,0.137725671203
93189792,0.610950986632
48175348,0.886293073806
21693097,0.753675311059
45258227,0.7843211951
57052980,0.0312871735094
34746864,0.946306298412
88811974,0.424121736768
63749972,0.729882092755
84765219,0.502491776134
82082452,0.752857920448
27252617,0.86564378877
75828785,0.172764577895
22789341,0.517337702529
87580670,0.537579569963
85336948,0.293736726929
8241012,0.0759077154028
64617678,0.929313110878
82637921,0.408863247723
60334649,0.64343997179
4891744,0.148883117388
49524835,0.165797844919
27177913,0.921995141461
58463825,0.551871770323
51656161,0.789988199736
85791877,0.500091742284
78437901,0.243846440219
31686248,0.442430681422
48290280,0.919816649348
73554785,0.429677592931
34954119,0.217056920595
95514985,0.267137680823
13034121,0.397247691801
2264868,0.557476617922
11421609,0.117197304748
27021493,0.301903091211
85394542,0.210525156984
95127980,0.554390602747
62723208,0.449119101713
69243840,0.901146257577
69006499,0.193482999164
63547841,0.874924419868
69698446,0.263371220597
16412935,0.441491070645
65258798,0.622031315806
84899516,0.0668260555471
5666378,0.0534947631258
55506779,0.450961332604
39077584,0.969830194466
84786346,0.992497443916
82577816,0.0663146293058
25768503,0.441713732027
39020827,0.741686842024
95297546,0.0664564260805
35760376,0.588853571294
72726543,0.465624384204
59971322,0.363542207398
9282182,0.430242906781
84524540,0.137597331733
70503463,0.136264912965
30118259,0.486288624139
93409100,0.916917705744
23111193,0.622763906715
57350950,0.25074629972
67465341,0.587941054339
77305367,0.579075911513
9036453,0.743444952368
78603727,0.0782057606201
42592016,0.0731701570723
27475907,0.496506659818
3850938,0.434152121823
24943882,0.121695535441
76878167,0.75658448
82338075,0.697725248096
16795304,0.863241308369
92881935,0.157216659561
42928556,0.432656355612
40845931,0.306312205119
23249307,0.418862789372
62076715,0.293460373757
9568127,0.368246570794
3812843,0.861286315121
54786851,0.83256425171
61792627,0.493108503304
28495076,0.312200996074
95833087,0.61161227817
96490465,0.307380204472
25873481,0.114390792254
53645677,0.821860724
50938480,0.879029615849
80678417,0.755238211708
66153079,0.441491070645
40868825,0.710271015806
40333622,0.335641466845
94904824,0.845040981067
71507873,0.198138707262
69978228,0.313032513802
39582005,0.504728341518
23265782,0.199606061001
15786927,0.144771183308
38051143,0.7056447509
57582108,0.31921098882
57206593,0.567732402302
33869172,0.248487679896
84502173,0.547515568726
16692763,0.374731260541
22444378,0.0430840949993
50665246,0.329898221485
71758343,0.404708096524
70367577,0.487312331725
86049699,0.765109626184
8248366,0.630458802658
82239419,0.696781410211
98860494,0.60282293079
98641168,0.383468404301
73062350,0.651542391234
47412460,0.0898415891587
44169982,0.916368704759
17695034,0.178971300659
20242292,0.288245644658
9210299,0.247840558458
3640332,0.101019987028
67118981,0.0480761212304
96730312,0.403198627143
14230443,0.384806119726
21166839,0.962417356836
44873974,0.449119101713
93318533,0.0933850983853
29590075,0.504477552179
5658526,0.423021839562
50015929,0.474086310472
42363434,0.27296514396
86908329,0.457645836281
20181536,0.391097906542
51768063,0.404878469266
9628464,0.520909592575
99585323,0.0394374691836
19664544,0.404667206319
50388916,0.0527933779597
90334624,0.205315185679
9546077,0.464159114439
33036113,0.859625888849
1109129,0.78844587046
33559804,0.267585316289
50309844,0.255791526553
24723991,0.563038441434
29242919,0.971760381398
24372365,0.313362304194
85672181,0.860159720585
86977246,0.55778671515
91345935,0.604130378272
20011606,0.108958400687
89555284,0.854994034977
39863574,0.281686530039
93478197,0.813538158682
68078489,0.0968639418227
12070067,0.312965110459
47511758,0.903774298338
6142398,0.0472880938352
42814673,0.210458352707
28289457,0.925925160201
47689124,0.903466847158
72256116,0.685482345144
36850034,0.332439648285
44766825,0.122363626015
53627743,0.121914428647
81193678,0.19296365051
24150050,0.410781047934
94238500,0.207955977764
43803219,0.115917757279
52203393,0.720501038995
35639928,0.911941972633
41733016,0.288657492163
30275100,0.431059728084
42110434,0.428629537897
7636954,0.0257511274656
80099081,0.502794207792
5192089,0.59967022816
78024219,0.288632598958
48263763,0.890854119925
97167196,0.0971225576424
56455029,0.431683304541
62498399,0.938459222
47770801,0.882971312089
86349761,0.307633581863
98647005,0.300275110539
10482140,0.55195358053
64373283,0.0600271499261
17487230,0.570776061283
70932702,0.917312071778
79361268,0.225194837932
2518708,0.237743534474
21453519,0.172676010793
76357189,0.427686279505
46411454,0.375924154672
65962287,0.0871787417305
66333061,0.050643382778
41570755,0.388641830401
87042376,0.755160062685
31190735,0.575324393535
78661245,0.119059122668
54536278,0.599466423226
36798944,0.221996850181
2532836,0.527630470719
9314238,0.334439186415
51897936,0.458364850016
33962160,0.367466239914
74611939,0.088709717812
12284486,0.516906239273
66019252,0.0950686131488
22755426,0.828489008911
80117442,0.163264354279
92095919,0.117624603383
82256137,0.216999928025
40896482,0.292119659647
32721794,0.425094413242
59822250,0.135704484412
984061,0.086722618358
93857026,0.892573277177
69015745,0.218024147613
83606802,0.346621335865
84068355,0.420523438208
35041097,0.43853644256
21957836,0.560249042279
29979034,0.871131947384
57114416,0.580692405622
23089574,0.346935104751
42270256,0.0517972513799
63823503,0.391394938814
12120260,0.296400459315
31510849,0.431186679317
42183126,0.125775088815
95161467,0.384749345313
24532978,0.760760004536
18653633,0.387485230959
58403873,0.615032333975
28103058,0.915076473197
79878240,0.465624384204
62873812,0.771528531201
67680029,0.475877789875
59473185,0.904770594895
17596405,0.319937998964
37006093,0.394113945421
87273960,0.101587635769
26625334,0.680849417583
41975596,0.462226388199
21589939,0.931822629807
72661208,0.416505406172
41589258,0.141165544465
63566482,0.531687874412
21043900,0.385239392079
51318217,0.289588323186
79131647,0.817530021258
49728929,0.963836896284
93643088,0.93359943819
36740308,0.15158781065
45863288,0.694232385135
50611937,0.375186912233
88909520,0.220390983106
8336166,0.570619903065
67755320,0.424121736768
57609182,0.331827286096
92663392,0.445197511293
90701427,0.0859939483566
7460402,0.370539771017
36326817,0.971384704302
39452396,0.348408434866
41432519,0.493608180736
16848662,0.420457784485
68761333,0.167594914277
55806303,0.53555086493
49741231,0.458872705913
40977043,0.83092310684
9333277,0.557948192
61590720,0.550530855634
63435663,0.424121736768
4267952,0.070134108066
94826464,0.275970558529
90678061,0.32050655244
3725814,0.591694813752
16309666,0.816924976058
45010798,0.121552246269
36576206,0.446616892945
40516517,0.402550659789
68334247,0.324621817442
13447213,0.443690842569
4448989,0.896958485553
69883643,0.89453626169
16205321,0.282853582303
48379608,0.458364850016
99316792,0.895073354148
38504895,0.424121736768
6909825,0.28187693016
70549535,0.229435951331
98937245,0.391102107249
10802212,0.420457784485
38519546,0.427632746876
62561374,0.087167880316
61403125,0.424121736768
67598153,0.147677570476
49672261,0.216938040112
28547966,0.0663976980315
94785696,0.401562631675
21548262,0.377700545235
74418143,0.630389985116
87978378,0.882691084919
53972911,0.385239392079
15923301,0.372385069842
174467,0.622941557868
51982891,0.353352977527
40553692,0.301329058467
52866075,0.416953219696
46606512,0.486263330325
54063746,0.223490260623
35513928,0.641213338342
46192684,0.398384056385
93721775,0.929144948999
8664193,0.480292256066
56843890,0.371747390442
5013057,0.252963497236
56143504,0.513335360977
22624176,0.829588576082
11337455,0.625051553332
5258986,0.156682950815
23481237,0.251638271869
79685736,0.616738729875
84153999,0.16568732436
41586700,0.413053897984
50209827,0.66930649331
14017807,0.950452329523
52354153,0.869697304237
13645274,0.479742344478
48289048,0.256933839845
46222201,0.0690084043236
99933081,0.660690376263
37127213,0.83065532239
43736516,0.447112895266
70344484,0.0812825719377
21494481,0.635609696139
48125969,0.420457784485
26063637,0.0845417110996
14647979,0.727219518849
21222306,0.405271262566
66382055,0.838325432306
16448797,0.376677993167
91247692,0.846517053072
43542559,0.218181540195
61743191,0.862403525237
65148547,0.470755695475
95022855,0.418984573106
37492547,0.132202580436
41740108,0.0293959467643
96760947,0.406871878025
3510307,0.793560098276
36839127,0.429782222614
54064417,0.569927136293
69842066,0.137640207751
83882689,0.424121736768
49145982,0.385239392079
58699299,0.668708594078
43010105,0.567228493521
61283132,0.972474508918
66250675,0.076184855174
31497342,0.464536388732
45280580,0.228605937481
99548823,0.124815483664
14747265,0.212401490674
32683386,0.125749223219
81846240,0.104177972129
39050355,0.420457784485
64995508,0.148385093145
34525614,0.508500416149
70927779,0.375185154426
73331514,0.30679831514
53477202,0.285328164756
13746011,0.409169231768
44695825,0.211117596818
95752823,0.575324393535
68156212,0.338726969997
52102813,0.735735383066
86829717,0.0302655919682
34747280,0.698929592137
76252471,0.287199228748
34226912,0.673730500006
63726080,0.814976322118
68387921,0.525265317618
82206834,0.488853820826
46368438,0.426790444716
15913937,0.160337807932
35771719,0.474086310472
24799640,0.0656004221999
77729054,0.0589014900903
38337584,0.0894571615847
24654774,0.783753986783
7422874,0.0881871615931
8399326,0.525380116231
12059762,0.385239392079
3917249,0.119919924083
23070515,0.863700917608
28380738,0.289264542746
25484356,0.423204487561
85847787,0.14407835218
62084181,0.766788300602
91443341,0.733879382357
92999090,0.440542700323
88038449,0.771181026879
95996031,0.356896123494
30333151,0.554792859056
73979134,0.831461801735
73465371,0.699208225371
74515789,0.418645129094
2299975,0.474086310472
39525371,0.58958917126
69897761,0.389395108511
48090752,0.304657562053
63311784,0.31548305782
72024916,0.594295097203
28894117,0.427636616789
41593548,0.474086310472
56982294,0.24173367714
18789683,0.0908858256716
83256646,0.720158077218
24590834,0.104527177964
41402784,0.126996005169
81888944,0.50370019204
83010794,0.305946860272
16181139,0.125750093995
85659849,0.422689480488
39352266,0.0271955740799
11739616,0.663636428803
61980616,0.221263952066
99963907,0.792588724269
64030526,0.451457496077
64697439,0.501255932501
55388140,0.418756045246
10045498,0.0407835566989
29046784,0.145318650949
54549909,0.604371320594
81307573,0.260121929821
77125355,0.491751217009
9353057,0.193099538585
73187721,0.347322831053
96985665,0.420457784485
87171310,0.338328161518
21084731,0.918640122347
90816770,0.272656202579
80396561,0.039315054073
9470892,0.0509078929557
75983165,0.71406433677
5823643,0.892685734558
41317327,0.451175032743
15737383,0.918224477807
56538073,0.271311857541
42239766,0.636106391296
68995347,0.371490420347
68796728,0.461777349519
41035404,0.798678205369
86265315,0.0838567256097
25634315,0.439280478745
29076626,0.38298128661
55144070,0.656622501481
66269250,0.318129432756
42994382,0.576652051859
43843285,0.419732114734
63550907,0.234202677522
43520938,0.929709834666
26288262,0.424121736768
4781345,0.105741113085
81969361,0.927986337581
98015435,0.490877614087
85352744,0.863887875544
21257861,0.0526000806643
39010619,0.168744674428
62889274,0.443409332673
49091935,0.0730661732931
63701376,0.399298891505
29980579,0.543721229753
86537932,0.420457784485
78230017,0.642227034542
788112,0.248451549734
16989493,0.268978930938
91267161,0.426358573086
16617058,0.521949400819
53776320,0.763688784589
36382716,0.175628078282
12829225,0.762331257447
9064527,0.382156474627
81615369,0.246976844575
33936617,0.373592536169
25699929,0.35204137091
74714195,0.123835162133
9457606,0.847387101089
71222388,0.244616005836
48461121,0.515500577167
97301558,0.0808661845663
59519264,0.342951401158
83471467,0.261421936295
84305124,0.295346125956
28053875,0.87412148751
53766369,0.86846219873
56637665,0.146217456981
92389091,0.154967660567
67046767,0.0895753945297
66568484,0.329888351603
93521276,0.535301331809
21332185,0.580359572015
16115351,0.395357296131
43954415,0.441491070645
69079482,0.212968531609
72823987,0.083779282898
27005758,0.440653031912
3116382,0.293750740556
51288726,0.372867942992
16903491,0.316182998374
29439901,0.616271579112
71615404,0.772512167167
4166824,0.0516593165584
23687465,0.368803818163
94775644,0.900014604424
30386561,0.411393514802
71841763,0.661574918158
41206678,0.892131867
82903963,0.432241072168
47884197,0.780639769729
11532626,0.262737465883
60037489,0.38298128661
55047220,0.174740928241
8425008,0.606991606663
32071141,0.569840193256
24862707,0.508343723445
94027744,0.420457784485
31734301,0.195542725186
86777770,0.420117615667
41677616,0.046269274134
50774566,0.385829792779
62411289,0.775098778497
72251760,0.399229505603
57154397,0.820622876793
33824604,0.390941214586
92158910,0.910437342208
66284593,0.661407141866
44531200,0.231855904342
93354906,0.705707965573
43308339,0.369533684334
38143001,0.711069803178
52774763,0.136243352369
19153043,0.771171080562
68424595,0.57495105188
49056586,0.0388685314566
65179321,0.0566018903112
5537969,0.420457784485
97768820,0.465624384204
39078187,0.360116566741
4500911,0.517006759778
91048652,0.257834401124
95017477,0.150591126675
88347698,0.430242906781
15944492,0.0712481820264
46890042,0.452061489194
20219112,0.193141585197
33778608,0.0228736279988
40798321,0.315214161992
39626517,0.738645448806
93504782,0.0950334601613
66936891,0.794742705264
32205266,0.566759737734
89134791,0.397247691801
62417559,0.0773283545219
30134702,0.424121736768
52478008,0.337511488282
70634169,0.319350672245
89517332,0.630713907686
72070089,0.488638328793
43471077,0.761877111624
735380,0.434061862411
47574729,0.315800799705
81820532,0.840885974908
31691920,0.711058815299
31342965,0.202534105073
32324963,0.967092944571
94047150,0.454727444162
16330781,0.420457784485
18087645,0.0555676970181
37430257,0.170611075175
19887045,0.0455692344018
30151817,0.353237457694
19601368,0.1149492337
25435988,0.916689779347
98115494,0.224187727324
74875050,0.501255557977
15791788,0.771827869595
78386413,0.222657991882
9279596,0.372508990743
27080654,0.342959765663
1271467,0.397247691801
8790528,0.943011649698
48757968,0.0756308824813
58687545,0.0820167441736
93365847,0.358886312833
15685502,0.0841929650454
5810923,0.0466818903585
84355057,0.338726969997
45601657,0.404667206319
69904612,0.312718575579
5398205,0.849593390742
95303296,0.853481188175
8986053,0.598124059685
11173473,0.643825518871
7756714,0.281732040445
2137396,0.058341906227
38180274,0.885842320912
37893432,0.901735793606
97000540,0.264285499936
32780077,0.32214458214
27969702,0.11750555846
83192420,0.104952614099
251590,0.100111464443
92138651,0.0488448713271
35374286,0.467630609342
88323560,0.630883769726
4893652,0.354150014107
55607364,0.788075597972
51491644,0.0194144372196
22216290,0.672309904128
50500924,0.321598595706
45305790,0.340664100261
47468128,0.639383271873
86358339,0.166442601921
92244211,0.741826305332
60038481,0.858628171805
31945620,0.435900388604
41749399,0.51405218782
79618475,0.0825537336123
85892139,0.0569123927281
21925358,0.338726969997
22127678,0.379603669299
90212469,0.627083274259
58794851,0.36958044049
19380743,0.707894872491
76149338,0.614354904758
70803862,0.34018201297
94554064,0.153698665584
21642088,0.728068839982
8115829,0.880760904607
73172177,0.407682673609
69105757,0.418643415717
73483226,0.053424937179
60958627,0.833301175733
18938727,0.486358339092
15528235,0.178113929794
2333956,0.249377646392
33898329,0.0648641231495
24494792,0.506759312928
73963025,0.865166222133
25601453,0.0572215147073
4178902,0.401301380437
31526683,0.322563242022
61989470,0.272018634992
6611252,0.1597909146
72166069,0.744625694
96785104,0.81454586213
22968551,0.435134215914
24562550,0.420116745702
48657857,0.449119101713
53268052,0.123191132327
43402381,0.505652834574
1546466,0.490476794837
98299132,0.278738715128
16779630,0.488582498553
55128348,0.411011372424
24634142,0.0776182574609
71872087,0.676212055103
47176666,0.41795725204
91889063,0.385239392079
51088221,0.807263739558
55049025,0.850075652201
84989291,0.374543221638
59722733,0.409862993179
47510814,0.168041373548
46664014,0.942949242929
11963965,0.289948317209
92733867,0.881900947351
9032723,0.152187997603
58861824,0.18113591712
66118344,0.0388625414404
38286663,0.208505565339
84468025,0.369912690011
85342830,0.159297227116
505638,0.298709918071
6199148,0.17385664057
26165292,0.425488439412
9811952,0.393394259276
24785146,0.0435744553397
41553813,0.432080883872
64810479,0.0681493915701
96580939,0.338726969997
3017155,0.133448424641
90168457,0.432265299152
49561887,0.107993026688
30723799,0.255635033822
74566126,0.342802838089
16378266,0.373597299251
19205707,0.182232457264
22347463,0.798517539196
59751558,0.69536868682
14641163,0.0777377922677
29718234,0.734593729806
60832587,0.557099319575
44835891,0.452875171203
42754291,0.839222432699
89322067,0.945418654459
53406614,0.130609047208
60456046,0.56971136756
84328244,0.485317986802
39867108,0.465624384204
82500322,0.458827293654
24938289,0.80515718636
13360298,0.353623391696
28537004,0.224555801396
8470300,0.65111428929
66342111,0.0448936878555
76409349,0.439238565969
44237168,0.454225130103
1983589,0.13116805211
94913380,0.390936584695
20177708,0.445197511293
85573884,0.536362882214
5175075,0.480229467047
77106908,0.123982105914
29843442,0.305719452426
34194330,0.0786719213543
64369553,0.966506709439
34857695,0.35432503495
54916897,0.315925011784
58413297,0.0715966322384
27548281,0.264247685063
48898186,0.172424317667
27887815,0.679280263464
46853761,0.942106790994
39291271,0.779041312058
55530412,0.644103688753
97160817,0.593205031662
43985003,0.118169069332
67206030,0.164615978437
97958366,0.615952836042
43791407,0.910905847321
7902188,0.31788627447
59247238,0.271678319742
17326412,0.487856936081
87720854,0.897997719011
62886310,0.369005211522
61015849,0.161296292594
60802442,0.108904018111
30523272,0.397247691801
73258460,0.150513446999
10385103,0.634240236017
39097085,0.816357691397
93097514,0.640573844698
13772117,0.851975255828
99977292,0.540010719159
13451465,0.0322544435607
49228428,0.879947070434
28759413,0.411856153819
26416279,0.621391876984
35184980,0.927346554873
24052054,0.465624384204
84233768,0.310167194893
48573524,0.128693800483
30979258,0.0887810199931
8788091,0.286612096801
16989800,0.406813320533
43221809,0.744453083049
80140038,0.434850058406
14709673,0.483938015737
98903568,0.440836183177
99345992,0.669842948955
16749393,0.683112304407
24045274,0.520123339403
63382686,0.245351390766
40002529,0.836439014534
96358534,0.726490973807
69052112,0.420457784485
32589358,0.0406035800255
19217936,0.335106731521
50568769,0.424121736768
89879557,0.521592169499
27058219,0.733416934457
45630829,0.420803450777
65910902,0.406871878025
23100536,0.479307570544
34132376,0.610294139934
16522855,0.835244773316
10290561,0.776202566369
24091159,0.963226135889
4131179,0.388826827601
37591390,0.321481650013
43731955,0.15359966445
6680148,0.171780462194
54659930,0.466128365544
28548186,0.413596705663
61892054,0.916059096694
60150994,0.516450258879
86645216,0.930610192499
99603465,0.843675230231
49485813,0.759321901787
90238920,0.764618080476
34921849,0.403015278388
50175498,0.525648729732
8132820,0.284463333503
20060413,0.420457784485
33073311,0.639938745071
57368776,0.418756045246
82182319,0.488791866392
48036061,0.140356082633
49648925,0.370595339304
90958844,0.0651997923569
34308656,0.846661368678
74115193,0.858326097819
86053103,0.189689223167
26675767,0.117034354556
76122863,0.308092748413
58337944,0.126142040272
38671122,0.632390698988
98871207,0.0417402824434
2881605,0.458364850016
9337468,0.825918215562
86176665,0.854794063902
27296197,0.0879024559715
15377876,0.788292593575
52118643,0.253824380819
28177141,0.321498213697
97822001,0.449943459074
1714555,0.338726969997
43038038,0.214648154162
72300603,0.327677076902
92972577,0.285035936116
70163966,0.754040507264
94690276,0.249201788867
92866269,0.808007496948
86914451,0.768510953124
90187741,0.116005400214
38591786,0.503931373022
72417018,0.651687670178
3848748,0.923950336593
56654346,0.225989955344
61422381,0.891139133428
80922666,0.781427544145
67058810,0.957416323948
55860979,0.420457784485
49415555,0.338726969997
46759388,0.887532383239
13842267,0.424121736768
69228691,0.801281238062
9607614,0.549884683165
75604431,0.876663166045
64337148,0.207098731216
9112223,0.608250521298
42943868,0.449119101713
95019073,0.567538892359
34319306,0.469866757109
30219206,0.894162090264
87407039,0.300179195889
26059244,0.757123430752
65833509,0.947109681738
47577577,0.308365594394
68136440,0.673124664853
48926565,0.200774178496
38699841,0.186365653519
59068281,0.0886561891407
48131034,0.0355804246847
11898035,0.63905746753
21323039,0.876989372299
81824059,0.436663986672
4038688,0.261584270188
38964548,0.823273588039
941185,0.267202900756
12494146,0.0700236819344
60845402,0.501033202483
19728628,0.763737349139
59850201,0.311925627407
68246575,0.70699107876
76626549,0.326798742136
27172384,0.207249346071
66051661,0.869568585128
70870942,0.476709975696
32810617,0.966282192749
24459128,0.127236830359
21775525,0.34311061343
13404665,0.833564055364
33587322,0.842080410848
20607335,0.0353778115286
67728458,0.102425154286
1023983,0.728547022655
40890730,0.548297057289
98013568,0.635703692853
8386842,0.360563207746
390759,0.944776696028
52403999,0.297817734451
98264927,0.957204544786
38726219,0.921984230968
67093735,0.132725661442
90909392,0.72244116877
10867310,0.242069303301
17031888,0.408332004613
86598882,0.762719733266
14898358,0.240705393575
11148023,0.785764162393
10802856,0.159347414931
54513531,0.355573858949
40851388,0.359058028453
30107575,0.31535400746
49500029,0.832538585795
75846138,0.375150049199
54999489,0.234797789326
15588952,0.423021839562
78665503,0.0749247192129
9610338,0.639522746799
98717821,0.0439343648284
54017209,0.227312668001
14556762,0.24280649108
33176512,0.449119101713
8365381,0.725267774537
8956496,0.376035549807
65982943,0.571333747603
9963632,0.259365110313
79134293,0.756464320661
55705601,0.132630751782
3671964,0.385048011219
23769674,0.467203526236
4767937,0.644476387383
57403649,0.20841884004
60716101,0.341830481053
76762108,0.259074135342
99501206,0.0785404953689
87094958,0.853904777677
74146605,0.128157401667
49911170,0.849596525309
10600843,0.236588112193
50869220,0.0926253268756
82724299,0.958799424089
56152331,0.592609988743
40826393,0.0421769447045
85805978,0.262164442997
47121169,0.195926688204
6020257,0.193183742071
8250969,0.882683858494
77197207,0.441201587026
8692746,0.929043605067
40080020,0.449119101713
78559970,0.989986126476
73410933,0.1003499236
32881291,0.0867272175298
59848536,0.0895541393498
28776112,0.754809196095
53040376,0.266666515006
31865392,0.519642537936
24129110,0.506101554374
41671408,0.249907303088
68101656,0.399153638045
18586518,0.432952278669
29807848,0.7950836114
28426327,0.860898473831
67731915,0.632336804049
57447668,0.424121736768
92901788,0.902055399078
22638589,0.499391339055
28298874,0.152181156152
96622946,0.0594253771957
16420571,0.406871878025
57802431,0.552253757409
42800618,0.148226575398
2916305,0.38298128661
34931235,0.41795725204
32039101,0.420457784485
48267901,0.0248722398498
67738197,0.249428614369
87592072,0.410866326441
95517287,0.818642524606
18630831,0.319888143586
5752067,0.0315054195495
94084091,0.348442228048
85577080,0.983309825459
95978439,0.326560423531
57380153,0.441582319582
29495596,0.928823692229
56109533,0.57285252454
63594478,0.0650377798161
88697567,0.0414972637895
35896357,0.4884879729
80608304,0.866895356562
40957411,0.957396334619
17027775,0.338726969997
87001997,0.0573568609826
53245434,0.98176495963
88205843,0.412563450919
29680291,0.51404888321
75820447,0.624117849634
56159176,0.426358573086
18019658,0.153007692877
99980396,0.0392022722409
19283529,0.891867636405
25603640,0.188410035191
31347061,0.387373683087
9710131,0.138799869588
97954177,0.218127764199
82584130,0.694039275688
43485617,0.405603138258
12234095,0.505490891269
71243465,0.322021383643
93299699,0.0448130304801
66187633,0.129041593666
87076344,0.183753592272
77974617,0.943767391154
76773689,0.667131412456
8962721,0.205327361869
86397318,0.0844443269081
98215795,0.271850042039
46812280,0.508661419654
7184486,0.889686141375
68452969,0.203709508831
62638765,0.461431941111
89193458,0.0402063518323
1887297,0.373792396143
12542657,0.614987702484
35286063,0.430242906781
7476065,0.412094951869
30552147,0.175505789182
80174387,0.725007503152
91518405,0.287184287616
50095077,0.88519776547
80114946,0.360563207746
31914539,0.47879177884
40782485,0.304059690108
12617567,0.0512140184068
62630176,0.425488439412
6177329,0.652352519308
2353453,0.215097928683
18164843,0.487093693449
57539287,0.327382470995
20134416,0.939039308738
94110872,0.369639841651
64963998,0.925173831993
29730519,0.369385202332
61378124,0.882091665803
67316586,0.530491661742
87040745,0.904894980709
11332993,0.742695469199
11292128,0.71512111239
5415486,0.178674264957
30978132,0.493361813286
92880945,0.776559068755
88914930,0.597737585374
11463393,0.338726969997
41992133,0.37143292027
65104213,0.235491142418
42052021,0.271044956654
41930138,0.925597632984
39095291,0.448439264766
40617181,0.366746084881
77248184,0.80753577364
92616519,0.0407954627822
97088859,0.776157215738
39937696,0.784566189164
75092576,0.366971850831
31154341,0.253011635566
17075581,0.930596722946
67842357,0.921159618099
67898574,0.756442388694
96237960,0.0877374139933
541452,0.154989647511
26577074,0.123539315825
47056620,0.785116046502
57258798,0.331827286096
10954763,0.219915700671
30148004,0.274473520886
43641791,0.715697390152
58146848,0.408223050022
20475991,0.0348459905173
36201007,0.752013469791
73447475,0.755814030038
35457095,0.511992178315
66144639,0.131814903836
56198813,0.613300954344
38596162,0.671434132902
3837731,0.412809254382
62458162,0.317183026057
31692873,0.849494770062
57334646,0.173479286678
94717028,0.0366561859751
57417933,0.360520689755
18727270,0.142064888328
76508289,0.356896123494
22902140,0.233616305455
82968409,0.948672863019
26555486,0.363927814503
12878356,0.438733874347
31502987,0.0869934359061
77087708,0.430242906781
11228581,0.233964563003
38228045,0.0853634350332
63314146,0.514723188571
90020800,0.484123327229
85050173,0.876761416975
84811427,0.0868190383451
72199057,0.420457784485
76229986,0.629107342454
19755340,0.980395615799
21714665,0.4269876528
2730512,0.105179522921
28411811,0.962706332615
14106416,0.953973324787
66205516,0.13993450795
47005673,0.689465782522
51906433,0.817966280377
83314015,0.424121736768
24197647,0.509165114732
23168102,0.441491070645
21840407,0.483905836464
36304348,0.547337133244
45959249,0.414356641077
71718427,0.473714449102
75353732,0.734746284548
39344042,0.907726614434
84542981,0.151775858328
86107871,0.356035171797
59026499,0.465624384204
98043204,0.735048838249
17770789,0.222490435267
24262944,0.135077251549
18474311,0.761790420464
19522641,0.397247691801
53594805,0.109486385916
65797083,0.743928104198
50717991,0.862622441033
46629877,0.54712984374
15042079,0.944878294618
87325972,0.355793851853
15196059,0.13922113395
85772891,0.222169551107
10259614,0.353641990468
49283085,0.340261380304
82559544,0.680952094488
44345264,0.340681564936
76781240,0.405979366937
74727448,0.0371312909159
46363024,0.264607302416
45828687,0.664094013927
32015063,0.893981115606
8334161,0.486718688153
29164757,0.866571045547
80641897,0.0608945999846
15461417,0.0744301947533
43766960,0.370641512534
61572068,0.767770142611
45399937,0.263959768127
82453967,0.193831109086
99969946,0.574699459303
93918551,0.185160400765
36631696,0.504416330563
7451151,0.250427575076
7346475,0.288310073082
93060710,0.0676884903531
83423425,0.49120946439
48094140,0.756065391625
83621174,0.579924553202
15112348,0.734853943563
49101,0.428257355964
77846176,0.827746030437
21298518,0.0308518974351
69100576,0.407685498188
92473527,0.206185786578
25779030,0.397247691801
74752178,0.929176975554
45980810,0.294819332835
25002845,0.490709421169
74483095,0.406871878025
89537039,0.866856603116
90312338,0.257703477836
18506768,0.855958214104
78194360,0.128610602887
45479973,0.337171287452
31020311,0.339725192346
55086769,0.767820591698
23502523,0.516935008495
91495269,0.579879888595
15615770,0.0776327070452
15904515,0.413399205323
98359180,0.160052012205
51543831,0.117609250618
58515334,0.729291977229
54242501,0.291270277864
84576038,0.67418736814
67547399,0.881474690588
51993392,0.831881493787
32124771,0.331827286096
56284357,0.16927387731
72126896,0.125218642274
56369187,0.275420177851
90387824,0.626689590215
22296220,0.141299517899
94017493,0.424121736768
69963880,0.137300216346
93425486,0.119702939155
55343396,0.0728512687534
75437669,0.352388367118
62118296,0.0950720130621
95560887,0.355953806204
51115167,0.584236195624
51797529,0.877689949861
76295599,0.464274252755
39488811,0.396860967444
17443767,0.371599731913
91531639,0.847876307143
14690847,0.380098094505
56182602,0.0851555063674
69341664,0.818526009084
92906081,0.506508786178
10886531,0.685529544517
98710498,0.937747149765
2169770,0.386849023246
13847189,0.152556397698
46369214,0.369734989491
19986561,0.622167156066
34471023,0.168830534928
38514044,0.677327642354
55774120,0.530749321233
26648481,0.59428608995
75438716,0.853383618089
90976041,0.860959373625
41278606,0.205595706754
23492963,0.170536957787
77152157,0.798612683646
93471653,0.41795725204
63478078,0.297789836819
56606308,0.569984672671
83679880,0.208986890977
43931691,0.50183124562
56820772,0.408223050022
80476834,0.918046612199
63255234,0.197708910195
95071817,0.530708045788
38268015,0.387085108807
63424255,0.34311061343
11624643,0.512896486278
81440707,0.408658153854
68385632,0.466271394507
49496212,0.0569730820973
78983227,0.106451265992
1859939,0.773773981843
62085233,0.424121736768
48404060,0.307098988609
48762969,0.241493923784
2714622,0.141168344654
86503569,0.657539954613
43150346,0.271068368245
38648262,0.875179296133
54921924,0.0299388818509
15471394,0.386187704187
38873036,0.24402659391
80857108,0.0280610915832
70464233,0.780974411084
99157306,0.103818143086
16767160,0.384988532601
6620779,0.249230044712
69123469,0.459604989247
97698959,0.376946801
16731650,0.485441742773
11330604,0.607525804332
81746047,0.122959889422
82379400,0.822292477939
50669968,0.0393412509972
24513041,0.689183721899
3086538,0.777980415273
25485208,0.96872345157
48931592,0.0905341710727
904539,0.0459137004604
92191141,0.397247691801
4773952,0.675240116475
88805806,0.278577304015
29319224,0.545093794294
38019268,0.648431992932
72027887,0.721832368372
98357840,0.230426498359
51093437,0.88547327606
83827093,0.651736828179
3555716,0.115217602768
72610624,0.352288239789
57382212,0.390762692758
18429765,0.503838534198
89666546,0.57516744004
62498113,0.647698513765
19659253,0.250174571583
44147320,0.871331672598
21570595,0.437215711575
25191119,0.937805169984
28320690,0.123176844636
2279881,0.614043724173
98940105,0.184183790546
35536833,0.406871878025
47813563,0.242785118155
73505717,0.214718227949
75707940,0.412432095034
1567497,0.47641629608
75194021,0.287787578594
74420040,0.651435594469
78780287,0.0828800080158
69687814,0.647331579642
22443107,0.345521242407
95635714,0.04355397526
4730615,0.3279998478
78101760,0.329231831375
96780413,0.836389074519
76675942,0.181414137304
70327108,0.559607900877
61127974,0.536148883165
45999685,0.246541891138
71046753,0.351901974254
20178101,0.0462266635158
1505158,0.20580806184
38108266,0.587233730112
79575808,0.125902282122
47695293,0.94471467315
14454241,0.0883399555245
45825869,0.761793457752
91075186,0.793868844254
8082257,0.872113313749
32276354,0.739686077874
21702278,0.386341662566
67688725,0.376152993915
66894718,0.785780219519
35905243,0.524544869362
3143586,0.35126769966
4092048,0.452936917568
42095372,0.788040549712
69319418,0.0389498516497
29895357,0.215399988065
25852902,0.82187150809
7052402,0.0376951186293
41828443,0.454413363063
54163999,0.672753954717
83098697,0.176458520305
15047873,0.356896123494
2872341,0.336118341939
40032313,0.425421996777
16917381,0.175893305318
60373957,0.323682921131
67889174,0.1562835673
71476478,0.217527999091
98738068,0.868680273569
46213241,0.726472963706
33556885,0.338726969997
58589812,0.648854634455
27391749,0.295138844437
35320267,0.449943459074
51970128,0.0580233948328
46440346,0.424121736768
86356385,0.538706300569
53701818,0.0713147337132
56743802,0.593925857927
46797614,0.381954539785
4123368,0.0253454704542
70303104,0.406871878025
48760719,0.424121736768
15752946,0.826390859329
23310745,0.788263151549
63470330,0.105519136872
33892530,0.194063647137
97725541,0.166980221641
30066387,0.377700823596
214804,0.816113901276
35715495,0.344389542603
57826194,0.170714876093
28286397,0.418862789372
6040512,0.465565336768
53336431,0.675005270799
33383476,0.65328277193
62701049,0.270787526048
88088251,0.748008762241
28676160,0.647111690276
89507768,0.441491070645
65375835,0.0405961383377
45358821,0.376705366649
85148948,0.397247691801
8788444,0.257639474943
18836944,0.114316273635
32395249,0.424121736768
67323104,0.177672330891
78681889,0.41819771305
62618815,0.60328928387
4791875,0.129222515752
31926450,0.452136322801
31303774,0.268976414376
29184203,0.385239392079
65493433,0.766745440738
64582057,0.329223292056
32329847,0.145477075271
85870868,0.29917635325
56662163,0.344179665756
18967006,0.255718180526
11947576,0.366898404317
49652169,0.650721265476
17471274,0.474145950574
53220188,0.0532405627524
40090913,0.618144754096
29389212,0.0563354913247
63699205,0.2306485956
85793831,0.21302130613
69821687,0.152243074961
88335754,0.194822679467
22380244,0.420022020589
6211153,0.667424668051
43494624,0.424121736768
86841915,0.13936240357
98827945,0.265004495982
40697441,0.575813130534
47041136,0.270103231402
94488268,0.0906163401474
37146759,0.499621853066
36989656,0.465624384204
72527809,0.406306597618
18501672,0.0554216426563
10469400,0.944450586262
88058347,0.0572067441562
95933361,0.171033775795
61294827,0.253710630236
6037894,0.363191643611
48815656,0.093284764851
4490121,0.443583495809
16905276,0.707881227978
96486076,0.431059728084
59331236,0.321151301852
8232645,0.584257759511
89519790,0.0700585264153
31950858,0.636608639216
11065148,0.347814587469
6846017,0.873456410684
19501407,0.0836742697016
87647466,0.701665969697
8683178,0.484137556099
68604501,0.353237457694
58986725,0.962246125203
52273929,0.951124426483
68836930,0.344054314465
5073755,0.264194950804
971575,0.445581597669
5853490,0.486568346672
61628007,0.357742395506
52302940,0.0812181041749
53321767,0.378762713871
74742346,0.187506966458
24952158,0.381188147454
15223800,0.175090405285
33387749,0.122562749786
70109231,0.293903857435
820723,0.677066621895
73674968,0.0354412296936
67927807,0.336112133279
84958317,0.255020395113
38355391,0.576008120083
58244158,0.123701710912
69646893,0.967219169921
74192474,0.301407053206
24187802,0.705253180753
44851634,0.332718192351
70354106,0.789240606471
94903682,0.626633449847
48828269,0.436475634252
91091612,0.374303255925
24474724,0.260923392943
82335322,0.783830284233
84100380,0.789314056419
66050282,0.3680590108
68844152,0.404270444171
8645348,0.499954580007
81014923,0.21902718293
1582976,0.441491070645
4736518,0.312994165986
58788456,0.520935820162
22231387,0.520017292069
75434370,0.0864743596023
1420045,0.877182831551
72545770,0.331827286096
94799202,0.291780997663
53794818,0.904352592662
54827084,0.679787971225
74924638,0.120675341206
85358613,0.542867267155
49895138,0.58160998863
61740250,0.408232506673
30134181,0.573300801977
53676879,0.63378615007
49373666,0.313630374788
11425537,0.489782046805
81630787,0.393101003354
75432576,0.740426998365
64584327,0.159026234527
8133598,0.33753564038
27825516,0.202568786011
84905539,0.557756438392
19282591,0.663242496969
65465815,0.268146593323
55503382,0.807134779761
99493161,0.361897492607
29697477,0.600399488423
78058615,0.731331759963
5629290,0.726055987518
41250316,0.617986031845
69990113,0.49124518084
5333309,0.088508766338
72288442,0.0573987891936
50756916,0.424121736768
82336582,0.385239392079
1732939,0.216852091318
8458350,0.422689480488
24178563,0.827367115084
94051956,0.420457784485
68515960,0.495923533432
5151296,0.573773934384
74733200,0.710724361284
69993604,0.598415196394
2463795,0.325561483394
46896161,0.0205854104307
9076075,0.548915604569
47430126,0.435393264513
53774994,0.490342658787
18152888,0.951267787265
60884845,0.354873161183
25340658,0.196808654857
25667968,0.487905227258
11474181,0.165883919676
31950329,0.257306731301
69757958,0.33415251195
24342504,0.585745390303
52621710,0.78078116048
3525018,0.797398079095
88503692,0.381501419493
70555555,0.151287748671
21697008,0.275911195673
50128250,0.414838000694
46128853,0.190338604089
46156867,0.691360460326
71479996,0.0450684799051
4099715,0.474086310472
86760951,0.565027571668
80043060,0.929124600138
5378522,0.0707894248977
5126711,0.449621814476
15492735,0.197756287148
85496219,0.430989178951
84258441,0.411082838862
56269584,0.383536723805
85765195,0.322576166447
49610845,0.214778289674
84219086,0.460058828668
95647900,0.206801699297
19526545,0.962771480885
21246374,0.260332627132
77936187,0.754064848596
2788526,0.45979882519
77036586,0.222464049179
22774413,0.898334639223
27959814,0.299334288767
71179702,0.334860112728
87072731,0.408658153854
5600220,0.35263336595
41866345,0.738396247305
96064810,0.234745770421
86017864,0.175501703556
60600969,0.39508308
32428366,0.430143214182
63887417,0.518518576092
72762405,0.424121736768
93254585,0.281305944383
18686042,0.79111200496
17106100,0.253649771682
55843641,0.69742982276
97823161,0.737182536347
32868352,0.369005211522
50339535,0.16223561539
44086992,0.524840845247
50985304,0.420457784485
36084703,0.411856153819
41063716,0.409020927228
24135148,0.749701623256
7196194,0.22218286563
91522301,0.448960702906
17287341,0.566729862022
63162438,0.812540040565
26524473,0.241680815963
54183215,0.399039528288
61092521,0.0664613527943
32810102,0.225471065476
71860004,0.0472169712622
78577781,0.845545765778
91500087,0.547441544344
53218858,0.174686948561
67850934,0.395317418954
57845894,0.879617635251
64800004,0.517288666447
51129961,0.274694554647
77770586,0.643778713866
62374959,0.0912742761992
96882783,0.41795725204
77091333,0.241358484196
20743864,0.222511611531
589185,0.954386167538
22714692,0.795268761921
32580378,0.420457784485
23609687,0.605865959179
33706195,0.562532372261
40131993,0.675337647031
10176170,0.606132864639
60804549,0.397247691801
76805207,0.489255684189
41268389,0.353043608939
36583334,0.379006300441
14332733,0.443261277853
98181406,0.437865764342
68870981,0.25212826902
41253082,0.657138745044
53554577,0.48526094201
19781292,0.543520068976
75183304,0.331827286096
9899803,0.513961872044
83074025,0.353589460937
25095126,0.371684625068
95074297,0.26318835087
43206568,0.400097846444
37510454,0.362415524723
4555624,0.070872755796
55040277,0.454683560222
43195703,0.420457784485
8416735,0.407215771852
31919316,0.732341829099
83835663,0.859120965512
67497098,0.312693476838
72333984,0.393798986743
46251528,0.280794413516
53767250,0.0515457042021
99577519,0.612050431052
24813332,0.291681071936
82716985,0.133768582063
22393664,0.88522545896
9515541,0.813894116901
23955932,0.424121736768
65193271,0.233907099013
2287385,0.434804823664
65096679,0.408576292966
91514864,0.424121736768
31246163,0.484581130555
29308982,0.258061351618
90236282,0.264142715334
98524751,0.790377731131
45821941,0.642011659947
98602832,0.420457784485
87820821,0.424121736768
31522603,0.424121736768
47499859,0.0464204701354
82825677,0.514509667606
46174469,0.101879612189
10666447,0.434943443889
90719506,0.573702142728
32694726,0.521761516686
50502217,0.405633341922
48860774,0.235370358449
12931945,0.493729060617
6006279,0.385239392079
31883399,0.424121736768
3136315,0.447957765612
94057328,0.424121736768
68089681,0.424121736768
12403092,0.424121736768
52504826,0.424504085904
53095860,0.854698246096
39590939,0.643667685121
78046743,0.435542789539
93257855,0.402235964648
77317057,0.359551257636
73637026,0.0566258612459
30337632,0.286274519765
94765793,0.445047451138
14737664,0.776495518427
1469056,0.707524929758
81837813,0.194990763939
25200502,0.268857713181
83405070,0.184281934266
42499362,0.555940013869
91198017,0.440002202544
75087599,0.27450635942
52060487,0.255278853393
4494007,0.331827286096
61766010,0.406871878025
56019414,0.368305628269
45251588,0.460671111477
99516727,0.493783912019
85600959,0.26554714435
11511328,0.324778013749
8860625,0.422469287195
